{
"result":"success",
"base_code":"CM^2",
"conversion_rates":{
"CM^2":1,
"KM^2":0.0000000001, 
"HA":0.00000001,
"A":0.000001, 
"M^2":0.0001, 
"DM^2":0.01,
"MM^2":100, 
"µM^2":100000000, 
"NM^2":100000000000000  
 }
}