{
"result":"success",
"base_code":"DM^2",
"conversion_rates":{
"DM^2":1, 
"KM^2":0.00000001, 
"HA":0.000001, 
"A":0.0001, 
"M^2":0.01, 
"CM^2":100, 
"MM^2":10000, 
"µM^2":10000000000, 
"NM^2":10000000000000000  
 }
}