{
"result":"success",
"base_code":"MM^2",
"conversion_rates":{
"MM^2":1, 
"KM^2":0.000000000001, 
"HA":0.0000000001, 
"A":0.00000001, 
"M^2":0.000001, 
"DM^2":0.0001, 
"CM^2":0.01, 
"µM^2":1000000, 
"NM^2":1000000000000 
 }
}