{
"result":"success",
"base_code":"NM^2",
"conversion_rates":{
"NM^2":1, 
"KM^2":0.000000000000000000000001,
"HA":0.0000000000000000000001,
"A":0.00000000000000000001,
"M^2":0.000000000000000001, 
"DM^2":0.0000000000000001, 
"CM^2":0.00000000000001,
"MM^2":0.000000000001, 
"µM^2":0.000001 
 }
}