{
"result":"success",
"base_code":"µM^2",
"conversion_rates":{
"µM^2":1, 
"KM^2":0.000000000000000001, 
"HA":0.0000000000000001,
"A":0.00000000000001,
"M^2":0.000000000001,
"DM^2":0.0000000001,
"CM^2":0.00000001, 
"MM^2":0.000001, 
"NM^2":1000000 
 }
}