{
 "result":"success",
 "base_code":"CG",
 "conversion_rates":{
  "CG":1,
  "CARA":0.05,
  "DAG":0.001,
  "G":0.01,
  "HG":0.0001,
  "KG":0.00001,
  "LB":0.000022,
  "MG":10,
  "OZ":0.000353,
  "TA":0.0000001,
  "TAN":0.00000001
 }
}
