{
 "result":"success",
 "base_code":"LB",
 "conversion_rates":{
  "LB":1,
  "CARA":2267.96,
  "CG":45359.24,
  "G":453.59,
  "DAG":45.36,
  "KG":0.45,
  "HG":4.54,
  "MG":453592.37,
  "OZ":16,
  "TA":0.00454,
  "TAN":0.000454
 }
}