{
 "result":"success",
 "base_code":"MG",
 "conversion_rates":{
  "MG":1,
  "CARA":0.01,
  "CG":0.1,
  "G":0.001,
  "DAG":0.0001,
  "KG":0.000001,
  "HG":0.00001,
  "LB":0.0000022,
  "OZ":0.0000353,
  "TA":0.00000001,
  "TAN":0.000000001
 }
}