{
 "result":"success",
 "base_code":"OZ",
 "conversion_rates":{
  "OZ":1,
  "CARA":141.75,
  "CG":2834.95,
  "G":28.35,
  "DAG":2.83,
  "KG":0.03,
  "HG":0.28,
  "LB":0.06,
  "MG":28349.52,
  "TA":0.000283,
  "TAN":0.0000283
 }
}