{
 "result":"success",
 "base_code":"MM",
 "conversion_rates":{
  "KM":0.000001,
  "M" :0.001,
  "DM":0.01,
  "CM":0.1,
  "MM":1,
  "INC":0.04,
  "FT":0.00328,
  "YRD":0.00109,
  "NNM": 1000000,
  "μM" : 1000
 }
}