{
    "result":"success",
    "base_code":"NM",
    "conversion_rates":{
     "KM":0.000000000001,
     "M" :0.000000001,
     "DM":0.00000001,
     "CM":0.0000001,
     "MM":0.000001,
     "INC":0.0000000394,
     "FT": 0.00000000328,
     "YRD":0.00000000109,
     "NM" : 1,
     "μM" : 0.001
    }
   }