{
    "result":"success",
    "base_code":"μM",
    "conversion_rates":{
     "KM":0.000000001,
     "M" :0.000001,
     "DM":0.00001,
     "CM":0.0001,
     "MM":0.001,
     "INC":0.0000394,
     "FT":0.00000328,
     "YRD":0.00000109,
     "μM" : 1,
     "NNM": 1000
    }
   }