{
"result":"success",
"base_code":"CL",
"conversion_rates":{
"CL":1, 
"KM^3":0.00000000000001, 
"M^3":0.00001, 
"DM^3":0.01, 
"CM^3":10, 
"MM^3":10000, 
"DL":0.1,
"L":0.01,
"ML":10, 
"µL":10000
 }
}