{
"result":"success",
"base_code":"CM^3",
"conversion_rates":{
"CM^3":1, 
"KM^3":0.000000000000001, 
"M^3":0.000001, 
"DM^3":0.001, 
"MM^3":1000,
"DL":0.01, 
"L":0.001, 
"CL":0.1, 
"ML":1, 
"µL":1000
 }
}