{
"result":"success",
"base_code":"MM^3",
"conversion_rates":{
"MM^3":1, 
"KM^3":0.000000000000001, 
"M^3":0.000000001,
"DM^3":0.000001, 
"CM^3":0.001,
"DL":0.00001, 
"L":0.000001, 
"CL":0.0001,
"ML":0.001, 
"µL":1
 }
}