{
"result":"success",
"base_code":"µL",
"conversion_rates":{
"µL":1, 
"KM^3":0.000000000000000001,
"M^3":0.000000001, 
"DM^3":0.000001,
"CM^3":0.001, 
"MM^3":1,  
"DL":0.00001,
"L":0.000001,
"CL":0.0001, 
"ML":0.001  
 }
}