{
 "result":"success",
 "base_code":"μMS",
 "conversion_rates":{
  "μMS":1,
  "KMH":0.0000036,
  "KMS":0.000000001,
  "MS":0.000001,
  "MMS":0.001,
  "MPS":0.000000000621,
  "MPH":0.00000224,
  "FPS":0.00000328
 }
}
